{"x8_diagonal": [72.9122759759986, 61.042955396823416, 82.36173635326507, 63.689929076861965, 69.48834088704429, 62.87730612766437, 65.60157078404711, 68.49316822143099], "x16_diagonal": [20.052474396793727, 21.60552212806862, 22.140598420879076, 21.59164666116678, 21.164476031193217, 22.996531083964683, 23.417739718751108, 23.116985418298714, 22.173386372072667, 21.97511761753118, 20.762765583800867, 23.159018648740343, 19.590813020350023, 22.470553714819737, 17.688989596917192, 20.274251080403335]}