{"coinc_set": [[20.052474396793727, 8.62794172780115, 1.0956974462365887, 0.0, 0.0, 0.0, 0.0, 0.0, 0.0, 0.0, 0.0, 0.0, 0.0, 0.0, 0.0, 0.0], [8.332027549818616, 21.60552212806862, 10.435894528998748, 1.5752419170645717, 0.0, 0.0, 0.0, 0.0, 0.0, 0.0, 0.0, 0.0, 0.0, 0.0, 0.0, 0.0], [0.8678778019086879, 10.720314660790457, 22.140598420879076, 10.81097222037155, 1.3256327492592483, 0.0, 0.0, 0.0, 0.0, 0.0, 0.0, 0.0, 0.0, 0.0, 0.0, 0.0], [0.0, 1.2728844001443487, 10.733609942219099, 21.59164666116678, 10.4380297406989, 1.3682173918040903, 0.0, 0.0, 0.0, 0.0, 0.0, 0.0, 0.0, 0.0, 0.0, 0.0], [0.0, 0.0, 1.128679769165889, 8.949781015412105, 21.164476031193217, 10.461824150039762, 1.868847871687805, 0.0, 0.0, 0.0, 0.0, 0.0, 0.0, 0.0, 0.0, 0.0], [0.0, 0.0, 0.0, 1.040057705430773, 9.042823442444437, 22.996531083964683, 12.96925081790728, 1.671594170635859, 0.0, 0.0, 0.0, 0.0, 0.0, 0.0, 0.0, 0.0], [0.0, 0.0, 0.0, 0.0, 0.9650161341735721, 10.758655106218137, 23.417739718751108, 12.270097381962389, 1.3045133598297736, 0.0, 0.0, 0.0, 0.0, 0.0, 0.0, 0.0], [0.0, 0.0, 0.0, 0.0, 0.0, 1.2054412170684943, 8.941013348892664, 23.116985418298714, 10.603378220159208, 1.4095624974221643, 0.0, 0.0, 0.0, 0.0, 0.0, 0.0], [0.0, 0.0, 0.0, 0.0, 0.0, 0.0, 0.912004115097876, 9.605448384738583, 22.173386372072667, 9.954982488380454, 1.956449607273468, 0.0, 0.0, 0.0, 0.0, 0.0], [0.0, 0.0, 0.0, 0.0, 0.0, 0.0, 0.0, 0.8142980196437245, 10.013843482678197, 21.97511761753118, 13.994123699738322, 1.4704011761341336, 0.0, 0.0, 0.0, 0.0], [0.0, 0.0, 0.0, 0.0, 0.0, 0.0, 0.0, 0.0, 1.1977084789209997, 10.060334391620264, 20.762765583800867, 9.316362031937752, 1.6904773721768949, 0.0, 0.0, 0.0], [0.0, 0.0, 0.0, 0.0, 0.0, 0.0, 0.0, 0.0, 0.0, 1.1923838159420763, 7.796688756263656, 23.159018648740343, 12.812864732173873, 1.4528846070732937, 0.0, 0.0], [0.0, 0.0, 0.0, 0.0, 0.0, 0.0, 0.0, 0.0, 0.0, 0.0, 0.7322935096163173, 10.101608897488932, 19.590813020350023, 8.395502492060949, 1.4390173785619818, 0.0], [0.0, 0.0, 0.0, 0.0, 0.0, 0.0, 0.0, 0.0, 0.0, 0.0, 0.0, 1.4006071826839588, 9.42768218924327, 22.470553714819737, 12.026334538931378, 1.5255756938659548], [0.0, 0.0, 0.0, 0.0, 0.0, 0.0, 0.0, 0.0, 0.0, 0.0, 0.0, 0.0, 0.774236788820859, 8.52531279712059, 17.688989596917192, 8.60459929011561], [0.0, 0.0, 0.0, 0.0, 0.0, 0.0, 0.0, 0.0, 0.0, 0.0, 0.0, 0.0, 0.0, 1.2044072635138632, 8.277638795957582, 20.274251080403335]], "singles_A_rate": [241152.37973387158, 254304.3368469355, 263183.6879084396, 270613.642313564, 275809.4935738846, 292591.8347254565, 301521.424208677, 306158.735931023, 307493.75010859297, 310376.40238145366, 317687.74564465333, 327509.18030055356, 329661.6072787363, 333654.52802773827, 336993.8216822777, 341635.639688841], "singles_B_rate": [1270555.61117707, 1223149.5211598724, 1170703.7877336037, 1168038.8943017328, 1090818.4375911579, 1078475.9133022903, 1079158.6320106601, 1085992.2286876985, 1035870.7516949648, 1029479.7355040058, 942137.001837261, 1008891.9716968046, 842478.0723944703, 971596.9507401657, 752200.4247707151, 845612.0635862056], "channels_A": [27, 28, 29, 30, 31, 32, 33, 34, 35, 36, 37, 38, 39, 40, 41, 42], "channels_B": [67, 66, 65, 64, 63, 62, 61, 60, 59, 58, 57, 56, 55, 54, 53, 52], "wl_A": ["1555.75 nm", "1554.94 nm", "1554.13 nm", "1553.33 nm", "1552.52 nm", "1551.72 nm", "1550.92 nm", "1550.12 nm", "1549.32 nm", "1548.51 nm", "1547.72 nm", "1546.92 nm", "1546.12 nm", "1545.32 nm", "1544.53 nm", "1543.73 nm"], "wl_B": ["1535.82 nm", "1535.04 nm", "1534.25 nm", "1533.47 nm", "1532.68 nm", "1531.90 nm", "1531.12 nm", "1530.33 nm", "1529.55 nm", "1528.77 nm", "1527.99 nm", "1527.22 nm", "1526.44 nm", "1525.66 nm", "1524.89 nm", "1524.11 nm"]}